<?xml version="1.0" encoding="UTF-8" ?>
<!DOCTYPE mapper
  PUBLIC "-//mybatis.org//DTD Mapper 3.0//EN"
  "https://mybatis.org/dtd/mybatis-3-mapper.dtd">
<mapper namespace="board">
	<!-- 
	    content_table 에 insert 하기 #{content_file, jdbcType=VARCHAR}
	     ㄴ 이미지를 추가 하지 않으면 content_file 에 들어오는 값이 null 이 되는데 
	        이 때, null 값이 들어와도 오류가 발생하지 않게 하려면 
	        jdbcType=VARCHAR 를 설정함 
	    
	    현재 sequence 값을 가져와서  
	    SELECT content_seq.nextval FROM DUAL	    
	    ContentBean 객체의 멤버변수 content_idx에 할당한 후,
	    insert 문을 실행함
	    VALUES(content_seq.nextval, ...) -> VALUES(#{content_idx}, ...) 으로 변경함
	    	
	-->
	<insert id="addContentInfo" parameterType="kr.co.tjoeun.bean.ContentBean">
		<selectKey keyProperty="content_idx"  order="BEFORE" resultType="java.lang.Integer">
            <![CDATA[
             SELECT content_seq.nextval FROM DUAL
            ]]>
		</selectKey> 
	    <![CDATA[
	        INSERT INTO content_table(content_idx, content_subject, content_text, content_file, content_writer_idx, content_board_idx, content_date) 
  	        VALUES(#{content_idx}, #{content_subject}, #{content_text}, #{content_file, jdbcType=VARCHAR}, #{content_writer_idx}, #{content_board_idx}, sysdate)
	    ]]>
	</insert>

	<!-- 게시판 index 로 게시판 이름 가져오기(조회하기) : SELECT -->
	<select id="getBoardInfoName" parameterType="java.lang.Integer"
		resultType="java.lang.String">
	    <![CDATA[
		      SELECT board_info_name 
	  	      FROM board_info_table 
	  	      WHERE board_info_idx=#{board_info_idx}
	    ]]>
	</select>

	<!-- 게시글 리스트 가져오기 -->
	<select id="getContentList" parameterType="java.lang.Integer"
		resultType="kr.co.tjoeun.bean.ContentBean">
	    <![CDATA[
		      SELECT c.content_idx, c.content_subject, u.user_name content_writer_name,
	  	      TO_CHAR(c.content_date, 'YYYY-MM-DD') content_date
	  	      FROM content_table c, user_table u
	  	      WHERE c.content_writer_idx = u.user_idx
	  	      AND c.content_board_idx = #{c.board_info_idx}
	  	      ORDER BY c.content_idx desc
	    ]]>
	</select>

	<!-- 상세페이지에 출력할 데이터 가져오기 작성자(이름)-user_name(content_writer_name), 작성날짜-content_date, 
		제목-content_subject, 내용-cotent.text, 첨부이미지-content_file -->
	<select id="getContentInfo" parameterType="java.lang.Integer"
		resultType="kr.co.tjoeun.bean.ContentBean">
	    <![CDATA[
		      SELECT u.user_name content_writer_name,
	  	      TO_CHAR(content_date, 'YYYY-MM-DD') content_date,
	  	      c.content_subject, c.content_text, c.content_file, c.content_writer_idx
	  	      FROM content_table c, user_table u
	  	      WHERE c.content_writer_idx = u.user_idx
	  	      AND c.content_idx = ${content_idx}
	    ]]>
	</select>

</mapper> 
